Student.ID,Student,Town Name
V00829878,Aiton_Quinten,Heydon Bay
V00821327,Beaudoin_Nikki,Black Point
V00815337,Borle_Brayden,Kilkerran
V00882558,Daku_Dale,Van Anda
V00804588,DeGroot_Shawn,Fulford Harbour
V00852415,Forstrom_Sidney,Ocean Grove
V00236526,Golshani_Eli,Willow River
V00893335,Harnadek_Kyle,Garibaldi
V00826330,Hau_Sze_Chun_Hans,Soowahlie 14
V00834788,Johnson_Mackinnon_Caragh,Chemainus 13
V00825137,Lorenzo_Annina,Loos
V00835183,MacNeill_Nigel,Alpine Meadows
V00876303,Matechuk_Landen,Lister
V00878890,Mikkelsen_Sawyer,Cinema
V00795887,Morash_Kevin,Tuwanek
V00844555,Newton_Mike,Honeymoon Bay
V00855428,Nguyen_Young,Wistaria
V00856254,O'Brien_Rory,Sinclair Mills
V00783791,Pow_Jordan,Brady Ranch
V00917282,Relkoff_Leigh,Endako
V00830854,Roessingh_Desmond,Cumberland
V00857543,Ross_Perry,Rumble Beach
V00869347,Saito_Goshu,Deerholme
V00871486,Schapansky_Matthew,Ahahswinis 1
V00851396,Schrekinger_Liz,Columbia Lake 3
V00924791,Scinocca_Mike,Good Hope
V00846779,Seto_Darren,Osborn
V00880902,Skarzenski_Alex,Tsawwassen
V00842179,Smith_Allison,Mitchell Bay
V00831586,Socha_Anna,Moha
V00775132,Swindell_Troy,Mount Currie
V00901696,Taylor_Joel,Mount Currie 6
V00843777,Travers_Smith_Hana,Sahhaltkum 4
V00882175,Warren_Curtis,Marktosis
V00846852,Wearmouth_Bonnie,Powell River
V00737047,Zutz_Amanda,Stullawheets 8
